0,Handcrafted Automotive Computer,Discord,Ergonomic Tools Bacon,2019,Sep,29,09,09,9,2018/04/27 15:01:49,Facere ratione officiis iusto sed amet nobis. Aspernatur ab quis architecto architecto nam a aut voluptatibus eligendi. Error illo ut. Nihil et est consequatur.
1,Incredible Baby Mouse,Email,Gorgeous Baby Pants,2019,Mar,28,20,44,20,2018/07/15 10:59:16,Voluptatum totam sed ratione eaque animi atque. Sunt eos sit est eaque ut minima commodi modi. Sint aspernatur itaque molestiae id voluptatem id ut.
2,Generic Music Fish,BattleTag,Intelligent Computers Mouse,2019,Feb,17,00,41,15,2018/07/06 22:56:54,Rerum asperiores dolorem. Vel quam maiores maxime quo natus vero cumque tempore. Ut modi veritatis ut quasi quibusdam sapiente. Excepturi asperiores saepe dolores dolorum et accusamus quos quae.
3,Generic Tools Computer,Email,Tasty Music Shoes,2019,Jul,20,23,19,5,2018/03/27 02:38:15,Unde accusantium nemo accusamus labore. Ut maxime assumenda quasi omnis quia. Iure at ducimus nobis. Doloribus dicta omnis ex porro pariatur alias. Placeat officiis voluptatem cum.
4,Handcrafted Computers Car,BattleTag,Small Electronics Shoes,2019,Dec,16,22,08,18,2018/04/23 21:55:26,Omnis ea quis voluptate enim aut dolor sequi. Molestiae aut maiores aut minima odio. Nesciunt eius iure nihil libero possimus aspernatur officiis culpa nulla. Similique ad blanditiis. Et cupiditate autem natus occaecati. Eligendi tempora suscipit sed inventore possimus eius expedita qui aliquam.
5,Awesome Tools Sausages,Discord,Sleek Garden Soap,2019,Aug,11,17,59,2,2018/07/07 00:26:05,Neque ad iusto consequatur blanditiis. Eveniet provident velit quia aliquid. At illo ut. Dignissimos ipsa autem id necessitatibus ipsam explicabo pariatur aut.
6,Licensed Books Chair,Mobile Number,Awesome Home Chicken,2019,Sep,16,10,20,23,2018/04/07 00:39:38,Ullam in similique est et voluptatem dolores aperiam eaque aut. Accusamus quas aut quibusdam unde enim minima autem exercitationem. Saepe rerum natus omnis.
7,Gorgeous Garden Shoes,Email,Fantastic Tools Towels,2019,Jul,12,09,45,1,2018/05/09 00:53:45,Omnis ab natus dolores voluptatem. Fuga voluptatem aspernatur iste. Hic ut consequatur et doloremque ut nobis illo dicta culpa.
8,Licensed Games Sausages,Mobile Number,Rustic Sports Chicken,2019,Jun,03,21,57,10,2018/12/16 22:36:01,Corporis non et impedit. Ratione magni doloremque eos voluptatibus ab sequi nemo et dolorem. Incidunt quidem corporis doloribus qui sed. Exercitationem quia voluptas et voluptatem voluptatem nesciunt facere. Fuga adipisci quaerat fuga ut quia error et. Aut sed accusamus omnis.
9,Rustic Sports Pants,Email,Tasty Garden Chicken,2019,Feb,21,10,32,22,2018/09/27 04:39:48,Neque et dolorum et laboriosam et placeat expedita occaecati delectus. Unde a consequatur et. Qui ut et omnis provident earum unde quia numquam nisi. Voluptatem ea necessitatibus dolores ratione necessitatibus.
10,Ergonomic Games Shoes,Mobile Number,Small Music Keyboard,2020,Jan,02,05,52,13,2018/09/14 07:46:49,Quia ex fuga perferendis earum magni id. Totam dolorem unde sit velit dolor et maiores dolores. Corrupti accusamus mollitia necessitatibus enim perspiciatis et. Blanditiis quidem molestiae numquam. Quam adipisci consequatur distinctio. Illum occaecati ullam qui perferendis quod dicta voluptatem molestiae.
11,Rustic Garden Chicken,Mobile Number,Gorgeous Grocery Shirt,2019,Feb,17,02,35,6,2018/03/02 05:27:17,Amet repellendus ipsam dolor quae ea incidunt. Voluptatibus molestias aspernatur ut. Rerum aspernatur sequi tempore. Reiciendis unde ea est sit omnis cupiditate ea rerum eum. Qui repudiandae cum.
12,Intelligent Toys Chair,Discord,Gorgeous Home Salad,2019,Mar,09,20,46,14,2018/07/19 17:18:39,Non omnis rem aliquid dolorem laborum. Consequatur quia dolore ut ad cupiditate. Aut saepe aperiam culpa.
13,Fantastic Baby Pizza,Mobile Number,Generic Games Cheese,2019,Mar,15,06,32,17,2018/02/21 15:57:49,Sapiente amet corporis alias. In magnam error. Iure ut illum voluptas aut quia enim vel ipsa error. Iure cum minima enim ea nisi eos illum. Et suscipit in.
14,Practical Clothing Table,Email,Tasty Books Chicken,2020,Jan,08,02,41,18,2018/04/10 11:12:31,Sit molestiae laudantium commodi et eos quasi ut. Quis vero saepe saepe consectetur deserunt quibusdam ex corrupti ut. Soluta et numquam et omnis eveniet nemo quidem possimus. Ut maiores provident provident sed perferendis. Ut omnis nemo eaque ut quasi corrupti. Accusantium accusantium consequatur nihil et quibusdam cupiditate.
15,Practical Music Mouse,Email,Sleek Industrial Shirt,2019,May,31,05,36,21,2018/07/18 04:39:05,Aut omnis maiores quaerat deserunt ipsam voluptatum. Deleniti omnis sint unde harum quaerat. Delectus qui enim iusto aut recusandae et modi at nobis. Et amet minima sunt. Voluptatibus similique voluptatem voluptatem magnam et ullam dolores unde sed.
16,Handcrafted Games Hat,Email,Practical Electronics Shirt,2019,Jun,04,03,04,8,2018/03/31 20:29:03,Provident esse minima natus et ut et earum eveniet fugiat. Consequatur porro recusandae omnis voluptatem asperiores. Eius fuga qui atque veritatis itaque qui ea molestiae neque. Porro ducimus unde repellat sed dolorum quisquam perspiciatis accusamus.
17,Handcrafted Baby Keyboard,Mobile Number,Practical Kids Keyboard,2019,Jul,09,05,54,13,2018/02/04 04:50:41,Repudiandae voluptatem similique architecto voluptatem recusandae sed voluptatem. Magni ut rerum et eaque ratione ut qui perspiciatis. Quod aut deleniti sed dignissimos quisquam perferendis commodi accusantium. Consequuntur minus nostrum et laboriosam at.
18,Practical Music Salad,Mobile Number,Awesome Sports Pants,2019,Nov,16,06,01,20,2018/08/16 22:33:45,Eos et nemo aut et est. Et quos nobis impedit iusto sed ut corporis sit id. A voluptatem nesciunt vel qui odio ab. Dolorem accusantium aspernatur voluptatem nam et at voluptatibus natus et.
19,Ergonomic Sports Table,Mobile Number,Refined Outdoors Salad,2019,Aug,31,22,34,8,2018/05/20 18:03:54,Ut quaerat dolorem deleniti. Aliquid molestias facilis aliquam et. Eveniet dolor repellat odio. Rerum nobis consequatur omnis. Et sit earum sapiente. Tenetur quod voluptatum ad laborum ipsa quae.
20,Fantastic Baby Gloves,Discord,Small Music Fish,2019,Jun,21,17,16,19,2018/11/26 08:04:10,Accusantium qui optio. Est veniam expedita optio mollitia. Corporis eius sed. Possimus blanditiis magnam eligendi ut facere voluptatem perferendis id.
21,Gorgeous Electronics Sausages,BattleTag,Intelligent Outdoors Gloves,2019,Apr,23,01,05,11,2018/09/24 17:03:36,Ut sequi similique aut nam quasi in. Et eum dolore repellendus adipisci beatae dolor. Quia molestiae cum occaecati rerum repellat minus magnam. Voluptate et et excepturi et placeat consequatur magni.
22,Rustic Toys Mouse,BattleTag,Unbranded Games Keyboard,2019,Feb,28,23,50,19,2018/07/26 02:12:35,Officiis ipsa eaque incidunt perspiciatis odio ut porro. Enim a sunt est. Harum dolorum nisi quo quidem asperiores et nihil.
23,Tasty Toys Towels,BattleTag,Incredible Sports Bike,2019,Dec,17,00,09,3,2018/12/12 15:57:13,Voluptas sit eos pariatur ab ut. Aut eius quis laboriosam modi. Vero soluta voluptatem.
24,Refined Home Computer,Discord,Fantastic Jewelery Towels,2019,Oct,24,03,42,19,2018/03/07 10:30:49,Fuga ipsa illum cumque architecto necessitatibus dolore inventore. Explicabo ex error. Magnam enim fugit eligendi rerum eligendi aut similique aliquid. Pariatur commodi est. Non debitis impedit. Libero id aperiam quia et dignissimos quod velit.
25,Unbranded Beauty Gloves,Mobile Number,Handcrafted Sports Computer,2019,Aug,22,16,02,10,2018/02/12 17:57:45,Aut atque atque repudiandae consectetur ratione minima sit optio. Odio explicabo doloremque exercitationem veniam velit rerum. Iure non consequatur cum expedita id nihil velit est.
26,Handmade Books Keyboard,BattleTag,Incredible Toys Towels,2019,Nov,03,17,40,2,2018/06/20 04:31:22,Vel ad tenetur corrupti. Ipsum vitae impedit laboriosam quam laboriosam optio sed. Blanditiis voluptatum quia. Voluptatem consequuntur sequi quia magni odit neque. Repudiandae tempore est. Quae fugit sequi tenetur.
27,Practical Movies Car,Discord,Awesome Kids Gloves,2019,Jun,19,14,32,4,2018/02/28 16:21:43,Excepturi nemo quos quisquam sint sit velit vero rerum perspiciatis. In quidem fugit alias ut vel dolores voluptatum. Quo rerum illum esse debitis eos repellendus dolore voluptatem blanditiis.
28,Rustic Movies Hat,Email,Refined Books Computer,2019,Oct,02,15,48,17,2018/12/22 07:51:47,Beatae voluptatem similique quia ut occaecati eos doloremque in. Quaerat quas nulla maiores deleniti. Modi aut in rerum molestiae. Quae non et. Quaerat quisquam quibusdam praesentium est aut.
29,Fantastic Movies Shoes,Discord,Unbranded Beauty Soap,2019,Nov,29,06,49,19,2018/03/12 15:49:35,Cumque aut adipisci dolores nihil. Sit rem est quam quidem quidem molestiae sit eveniet. Veritatis delectus aut eum id. Animi debitis at quas ratione aut sit. Temporibus libero iure sapiente a iure autem ut est. Sed repellat blanditiis sequi et in laborum doloremque.
30,Awesome Home Table,Mobile Number,Intelligent Grocery Fish,2019,Dec,08,13,01,14,2018/06/10 16:09:16,Sapiente tempore et fugit nemo praesentium amet numquam. Rerum earum natus rerum. Quas dolorem deleniti delectus aut voluptas laborum dolores. Aperiam consequuntur asperiores consequatur eos. Eveniet repellendus fugiat aut iste. Totam tempore pariatur nesciunt et.
31,Handmade Home Pizza,BattleTag,Incredible Grocery Shirt,2019,Jul,23,01,34,16,2018/03/05 04:20:27,Quod recusandae aspernatur enim rerum. Accusamus minus quasi eligendi. Voluptatem voluptatem doloremque. Aut quam sint soluta eaque explicabo numquam ducimus fugit quo. Quod et dolores omnis. Modi dolores repudiandae expedita tempora rerum voluptatum.
32,Handcrafted Computers Fish,Email,Unbranded Computers Table,2019,Mar,08,15,16,1,2018/07/12 13:50:01,Cumque officiis occaecati nulla cum dignissimos cupiditate enim. Iure et alias. Corrupti quis et atque qui aut.
33,Intelligent Grocery Fish,Discord,Generic Computers Salad,2020,Jan,01,07,36,11,2019/01/12 07:59:56,Architecto et dignissimos quia corporis. Quae enim voluptas laborum nemo rerum voluptates et. Et dolore enim sed ex eligendi ut illum placeat. Occaecati mollitia et est vel quis repudiandae.
34,Practical Grocery Gloves,Mobile Number,Gorgeous Sports Pants,2019,Sep,08,15,47,2,2018/07/27 14:48:53,Fugiat vero eos vel minima provident similique. Quis vitae aut qui. Voluptate voluptatem est tempore et hic quis.
35,Generic Garden Fish,Discord,Incredible Home Pants,2019,Apr,15,03,23,2,2018/03/24 07:36:18,Recusandae provident nihil eveniet soluta earum voluptatem. Officia consequatur sint commodi non et iure non. Aut qui voluptates est quo perspiciatis ex dignissimos. Quis velit corrupti.
36,Intelligent Computers Bike,Discord,Rustic Grocery Keyboard,2019,Oct,24,12,49,19,2018/12/10 05:59:26,Officia in eum. Aut neque nesciunt. Voluptatem dicta sit mollitia vel. Impedit modi provident aliquam rerum aperiam dicta. Nemo beatae at. Molestiae architecto excepturi totam rerum facilis.
37,Refined Grocery Hat,Email,Generic Sports Salad,2019,Feb,04,06,59,12,2018/05/12 01:54:17,Id assumenda perspiciatis expedita sed quasi eum maxime. Voluptatum corrupti praesentium omnis est cumque fugit eligendi culpa. Quo voluptate quaerat quibusdam. Vero dolorem ea officiis beatae aut commodi fugiat maiores. Occaecati aut voluptatem necessitatibus labore. Ipsum nihil consectetur sunt perferendis quibusdam.
38,Small Games Fish,Email,Handcrafted Kids Mouse,2019,Jul,13,14,48,22,2018/06/17 11:47:11,In eligendi consequatur impedit nulla necessitatibus neque deserunt. Et molestiae nam omnis tempora et nihil voluptate possimus voluptatem. Nihil quam et consequatur natus.
39,Sleek Baby Chips,Email,Fantastic Automotive Sausages,2019,Oct,13,18,16,19,2018/12/04 07:02:34,Aspernatur explicabo numquam distinctio officiis. Facere provident voluptas dolor ab. Provident libero accusantium vitae est placeat est nisi ullam. Voluptas officiis enim sint iste.
40,Ergonomic Beauty Bacon,Email,Practical Beauty Chair,2019,Apr,16,12,55,20,2018/12/10 19:22:35,Incidunt in consequuntur sed sed. Rerum aliquid modi deleniti enim ut eum et qui fugiat. Nihil aut quia quia fugit ut perspiciatis iusto qui. Quos blanditiis nobis tempora molestiae aliquam. Ut eos quo veniam.
41,Handcrafted Jewelery Hat,Discord,Unbranded Toys Chair,2019,Mar,27,04,36,23,2018/09/10 11:02:47,Magni voluptatum sed vel expedita placeat nisi. Hic sapiente voluptas. Iure commodi hic. Et repellendus nulla accusamus possimus commodi qui in. Molestiae voluptatem saepe eveniet. Ea rem adipisci asperiores.
42,Awesome Tools Bacon,Discord,Refined Tools Tuna,2019,Jul,22,23,56,4,2018/02/02 15:14:17,Accusantium vel eum labore. Repellat temporibus praesentium quod qui nisi hic libero a cupiditate. Numquam cumque nihil doloremque nihil.
43,Unbranded Sports Car,Mobile Number,Ergonomic Music Table,2019,Sep,16,23,08,8,2018/03/25 17:52:12,Sunt fugit voluptates omnis. Corporis magnam debitis non ratione fugit culpa magni et. Voluptatem tempore magnam consequatur vel voluptatem. Voluptates dolores vitae enim. Nobis sed exercitationem. Consequatur porro officia consectetur.
44,Ergonomic Garden Fish,Discord,Awesome Jewelery Chicken,2019,May,04,06,13,4,2018/07/21 23:55:21,Quibusdam laboriosam enim et qui distinctio et incidunt dolor. Voluptas quam consequuntur saepe nulla vel tempora eum. Beatae quis qui officiis perferendis maiores rerum tempore quos veritatis. Reiciendis et deserunt et ab et dolores voluptatem accusantium.
45,Intelligent Electronics Computer,Discord,Fantastic Automotive Hat,2019,Mar,07,09,35,18,2018/11/26 08:59:09,Autem velit ipsum nisi voluptas molestiae non voluptas quia. Repellendus fuga et nulla cumque reiciendis et. Mollitia deserunt deserunt beatae sequi iure iure corporis.
46,Ergonomic Home Gloves,Mobile Number,Awesome Home Pants,2019,Feb,20,07,03,17,2018/12/11 19:20:06,Ut magnam quas reprehenderit nulla tempore. Et dolorum velit magni. Est nostrum minima unde alias laboriosam iste.
47,Unbranded Beauty Chair,Mobile Number,Handcrafted Kids Cheese,2019,Mar,08,08,24,7,2018/10/25 12:37:56,Omnis ex impedit id. Est ut quod ipsam. Quo voluptas et omnis placeat est accusantium. Et neque est nemo sequi. Sed aut assumenda adipisci nesciunt. Et aliquam libero qui.
48,Handcrafted Health Chair,Mobile Number,Intelligent Automotive Computer,2019,Aug,29,05,46,19,2018/03/08 08:47:10,Nisi consectetur dolorem consequuntur quae quibusdam. Quas alias sed aliquam placeat minima. Consequatur vitae harum et et nihil. Quidem rerum voluptatibus repudiandae earum quia.
49,Practical Electronics Salad,Discord,Unbranded Outdoors Pizza,2019,Jun,25,14,14,23,2018/09/18 21:11:52,Aut odio maiores illo ut aperiam qui voluptatum. Ipsam nemo veritatis. Hic minima et quia et tenetur eum. Non sed minus quidem architecto id voluptatem enim rem.
50,Small Home Fish,Email,Tasty Tools Pants,2019,Oct,28,11,52,9,2018/03/30 02:09:58,Earum blanditiis est voluptas consequatur expedita atque libero est. Delectus quos saepe. Iste nihil culpa vero aliquid quae aut. Debitis perferendis nostrum ratione aut occaecati soluta temporibus. Similique qui et. Est est nihil ratione est ullam.
51,Rustic Games Hat,Discord,Ergonomic Garden Towels,2019,Dec,16,10,37,18,2018/07/11 17:22:30,Cupiditate autem sed aut dicta exercitationem. Cupiditate voluptas nihil nesciunt culpa maxime. Dolorum dolor ratione voluptatum. Sint velit totam a quia culpa.
52,Licensed Tools Pizza,BattleTag,Intelligent Clothing Chips,2019,May,09,05,32,10,2018/02/21 15:37:12,Sed vel explicabo quidem voluptate pariatur et temporibus vitae. Quis ut in sunt. Et consequatur fuga delectus ipsam est exercitationem. Cupiditate voluptatem quae maiores in quasi modi cum. Consequatur sed voluptatum veniam fugit ut facilis odit voluptates.
53,Awesome Industrial Salad,Discord,Gorgeous Electronics Chicken,2019,Aug,13,14,25,23,2018/03/07 03:36:20,Ut est quaerat rem facilis nihil qui et ut. Placeat dolores adipisci impedit non explicabo ut. Libero deserunt occaecati. Asperiores aut error tempore ut exercitationem sit qui. Nihil earum rem praesentium quo dolore dicta possimus. Rem tenetur debitis non sapiente fugiat qui repudiandae aperiam.
54,Practical Electronics Chicken,Discord,Generic Toys Tuna,2019,Oct,20,03,52,22,2018/05/15 02:02:37,Velit odit dolores. Aut culpa libero quia voluptatem expedita facilis maxime voluptatem. Ullam ipsam sit. Minima omnis et ad quae aut odit exercitationem nulla.
55,Practical Automotive Shoes,Email,Handmade Music Bacon,2019,May,12,11,27,4,2018/04/28 07:14:14,Repellendus velit enim. Non pariatur saepe dolores atque sit excepturi voluptatem totam. Consectetur et libero totam. Est iste at vitae maxime.
56,Tasty Games Ball,Discord,Intelligent Sports Mouse,2019,May,14,09,00,19,2018/05/17 22:25:50,Placeat libero in accusamus porro rerum provident rem dolorum. Omnis eum quod consectetur. Enim expedita dolor veritatis. Voluptatem voluptatem corrupti qui maiores. Culpa repellendus pariatur dolor.
57,Ergonomic Music Chair,Mobile Number,Intelligent Computers Hat,2019,Dec,23,16,17,16,2018/12/23 10:36:04,Est ipsa fugiat atque amet atque atque nihil. Consequatur debitis omnis ratione temporibus quis odit nisi illo. Recusandae doloremque illum et quo quas eius. Explicabo necessitatibus voluptatem dolore. Neque est ipsum modi autem. Ipsam et aut vel omnis sunt sed laboriosam id.
58,Fantastic Computers Computer,BattleTag,Intelligent Industrial Bike,2019,Nov,09,18,12,10,2018/02/25 17:04:33,Nemo numquam natus harum consectetur impedit autem expedita. Ut eveniet iste illo. Totam non et veritatis sint. Nobis fugit consequuntur. Sed doloremque aliquam aut a quia nulla et.
59,Handmade Automotive Bike,Email,Handmade Books Gloves,2019,May,19,09,18,21,2018/05/22 10:46:04,Quos maxime odit vitae velit voluptatem atque doloribus eum quae. Temporibus nulla non impedit atque ut totam assumenda quasi dolor. Et qui enim veniam. Hic dicta aut et quaerat vel cum amet. Dolorum et quam qui eveniet atque aperiam iure natus beatae.
60,Unbranded Beauty Keyboard,Email,Generic Clothing Pants,2019,Apr,19,22,57,8,2018/02/17 15:34:19,Vel cum quae consequuntur. Quia nulla officiis voluptate impedit recusandae maiores adipisci vero. Molestias ipsam rerum nobis qui. Laborum laudantium illum voluptatem ut eos ducimus accusamus sit iste. Enim vel tempore aut voluptatem voluptas ab qui et est. Laborum non neque eaque cupiditate accusamus consequatur dolores officiis officia.
61,Sleek Computers Computer,Discord,Incredible Industrial Shirt,2019,May,09,18,27,1,2018/11/18 06:27:12,Libero consequatur reiciendis amet at dolorem deleniti aut deserunt officia. Temporibus quia cupiditate ullam in qui natus. Iure velit est eum laborum consequatur eius eveniet veritatis. Eos aut qui a ratione et.
62,Gorgeous Health Car,Discord,Practical Toys Sausages,2019,Dec,15,13,21,15,2018/10/01 09:42:46,Quos sequi aut doloremque minima non. Eligendi ea veritatis. Et culpa dolorum nesciunt cumque voluptates quia officiis. Commodi quo velit quo cumque. Eum asperiores aspernatur recusandae nam esse maiores beatae neque quam.
63,Refined Jewelery Hat,Email,Refined Clothing Bacon,2019,Feb,10,12,13,17,2018/02/27 00:34:58,Non sunt ducimus aut libero iste iure labore nemo. Voluptas vitae unde et totam. Nemo nobis eum aut modi rerum nihil cupiditate. Sed nihil praesentium et odit. Eum mollitia repudiandae non libero nostrum nisi ad similique alias.
64,Refined Outdoors Cheese,BattleTag,Fantastic Toys Pants,2019,Jun,18,08,46,14,2018/09/15 17:51:48,Et ad ea est possimus ut at vel. Consectetur possimus nulla. Expedita deleniti rerum quo.
65,Practical Electronics Bike,Email,Tasty Tools Towels,2019,May,21,17,23,4,2018/07/13 16:20:19,Laborum nam ad ut corporis ullam. Quia inventore ab et dolores quos. Autem eum odio incidunt voluptatibus quos qui. Quisquam reiciendis quaerat nobis occaecati possimus aut.
66,Awesome Beauty Hat,BattleTag,Incredible Tools Keyboard,2019,Oct,19,07,50,3,2018/02/13 23:26:12,Repellat labore labore omnis at ad cum. Sed autem optio in aut molestiae. Culpa consequatur officia. Nemo officiis amet cupiditate ipsum necessitatibus reprehenderit dolores. Dicta corrupti tenetur porro distinctio nulla consequatur nulla ea enim. Sit autem esse enim doloribus.
67,Awesome Industrial Table,Mobile Number,Sleek Electronics Bacon,2019,Jun,12,21,50,18,2019/01/13 06:29:39,Cupiditate et autem praesentium aliquam. Earum sed eius rerum ipsum. Sunt vitae qui dolorem accusamus odit magni. Harum cum officiis.
68,Awesome Health Gloves,BattleTag,Refined Kids Fish,2019,May,18,02,40,11,2018/08/19 13:58:18,Consequatur voluptas illum. Rem sint unde voluptas odio minus. Modi nobis aut non. Magnam et eum earum aut eum rem omnis.
69,Refined Baby Cheese,Email,Generic Tools Sausages,2020,Jan,21,08,02,5,2018/03/31 13:02:32,Commodi et sit et nobis. Possimus ut fugiat laborum quia harum atque numquam. Quia iste consequuntur aut nemo inventore veniam. Fuga ea aut perspiciatis enim voluptate natus ut et est.
70,Handmade Health Chips,Discord,Intelligent Beauty Keyboard,2019,Mar,26,13,18,19,2018/11/24 16:40:21,Doloremque et incidunt ut voluptatem impedit. Omnis nostrum eaque consequuntur ad dolores. Repudiandae commodi sit praesentium doloremque.
71,Handcrafted Games Cheese,Email,Practical Clothing Gloves,2019,Aug,15,15,14,16,2018/09/02 10:22:33,Aut non aut dolor exercitationem ipsa. Sed magnam tempore pariatur est possimus. Et vel iste amet sint necessitatibus facilis voluptas quis. Similique quia reprehenderit voluptatibus quas porro deserunt laboriosam. Amet quisquam sit illo labore voluptates sit.
72,Tasty Clothing Shirt,Discord,Awesome Computers Towels,2019,Dec,09,07,14,21,2018/03/16 15:02:38,Quia vero sed. Quia deleniti illo aliquid aut eveniet est voluptates ipsam et. Mollitia optio minima vitae quibusdam similique.
73,Fantastic Movies Sausages,Mobile Number,Intelligent Outdoors Shirt,2019,Oct,12,13,53,6,2018/10/25 17:47:29,Neque laborum earum in. Occaecati temporibus amet non omnis libero mollitia fugiat reprehenderit. Sit harum qui cumque voluptatibus et natus doloremque et. Ipsum dolor quas. Tempore nesciunt voluptas est et vero suscipit facere consequatur odio.
74,Ergonomic Shoes Car,Mobile Number,Sleek Home Sausages,2019,Feb,18,13,06,19,2018/09/07 13:06:57,Earum non ut est et tempora est. Dolores voluptates aliquam sed aut placeat sit vel esse nemo. Expedita ut dignissimos optio aut iusto sed. Dolor voluptatem suscipit fuga. Rem aut vel mollitia nobis eius sequi quis voluptas asperiores.
75,Fantastic Electronics Pizza,Email,Rustic Kids Keyboard,2019,Nov,26,04,17,14,2018/05/22 22:38:59,Excepturi a quas quae accusamus ex qui consequatur. Magnam corporis consectetur. Quia minus natus quo reprehenderit amet error iure repellendus. Error et nostrum. Corrupti nemo omnis voluptatem culpa voluptas nobis dolorem laborum.
76,Intelligent Books Towels,Discord,Ergonomic Kids Hat,2019,Feb,26,21,09,6,2019/01/21 19:11:14,Laboriosam rerum non quam consequuntur nam beatae error. Aut voluptas consequatur et enim amet libero expedita. Quibusdam voluptatem culpa iure est unde. Et et temporibus beatae facilis aspernatur.
77,Incredible Tools Shirt,Mobile Number,Unbranded Sports Mouse,2019,Jun,29,10,42,15,2018/03/13 02:13:58,Necessitatibus facere ab et quam exercitationem. Et quo error ut est modi harum atque et. Totam doloremque id corrupti. Unde pariatur maxime aliquam delectus in autem. Fuga voluptatibus molestias consequatur.
78,Handcrafted Outdoors Keyboard,Email,Handcrafted Sports Hat,2019,Jul,27,08,27,2,2018/12/21 08:46:14,Veritatis ea accusamus ipsam aut possimus rerum at. Voluptas ab qui. Voluptatibus commodi debitis quidem harum ex eos.
79,Refined Books Hat,Mobile Number,Sleek Grocery Hat,2019,Mar,24,02,23,11,2018/11/15 19:14:50,Ipsam id rem aut nihil sit cum et earum. Tempore totam illum voluptates quibusdam. Dicta quia fugit voluptatum voluptate distinctio et nam sunt. Aut corrupti quos sint laboriosam ut ratione. Voluptatem deleniti saepe. Accusamus modi quia hic provident voluptatem quasi provident reiciendis omnis.
80,Intelligent Music Chicken,Email,Fantastic Outdoors Shirt,2019,Nov,05,07,54,11,2018/08/28 08:56:19,Voluptas est itaque totam qui voluptatem. At sed vel. Adipisci voluptatibus aliquid similique rerum aut ad. Molestiae ab aut suscipit nam quis necessitatibus eaque sapiente. Error omnis fugit placeat quas ut nihil enim. Fuga vero error doloremque.
81,Ergonomic Tools Keyboard,Discord,Awesome Jewelery Car,2019,Sep,13,13,12,7,2018/05/11 15:24:51,Consectetur architecto distinctio accusamus. Rerum fugiat odit numquam corporis et vero quos sint. Distinctio quasi placeat cupiditate reprehenderit nam quidem. Aut nulla quasi atque dolorum consectetur voluptas illo illo sunt. Quod libero nulla assumenda natus possimus qui perferendis fuga temporibus.
82,Handmade Automotive Mouse,BattleTag,Gorgeous Garden Car,2019,Jun,30,15,09,8,2018/04/18 22:48:04,Ut eum eum et et eaque. Quis laborum eaque fugiat fugit provident ipsa. Vitae cupiditate aut quaerat quia quis eaque perspiciatis. Veritatis a quibusdam sed dolores. Voluptatem assumenda sint ut deserunt laborum. Laboriosam nihil aut laboriosam quia incidunt.
83,Tasty Games Chicken,Discord,Awesome Sports Keyboard,2019,Jul,05,09,56,19,2018/02/07 12:04:21,Tenetur facilis omnis consequatur aut. Dolor eum aperiam aut fugit est. Molestiae animi quis possimus nostrum.
84,Awesome Automotive Ball,Mobile Number,Intelligent Sports Car,2019,Feb,01,19,20,2,2018/10/31 23:26:43,Dignissimos debitis voluptatem dolores labore sit aut sapiente debitis. Soluta et sed qui assumenda inventore. Enim qui minima enim consectetur officia.
85,Refined Books Tuna,Mobile Number,Fantastic Movies Towels,2019,Sep,04,23,28,5,2018/10/20 03:55:10,Excepturi earum quis dolor laborum adipisci occaecati. Doloribus blanditiis atque sit quos modi fuga dolores eius recusandae. Voluptatem dignissimos qui culpa id totam.
86,Practical Beauty Bacon,Discord,Licensed Electronics Chicken,2019,Dec,04,23,48,3,2018/12/02 21:42:03,Sunt minima id. Pariatur sed doloremque fugit laudantium labore quis ut. Est eaque eligendi optio enim aperiam nihil autem dignissimos porro. Quisquam vel unde quas quaerat minima recusandae aut. Mollitia perspiciatis officia enim molestiae enim quia atque dolores corporis. Non enim et.
87,Sleek Health Sausages,Discord,Practical Grocery Chips,2019,Feb,11,18,54,5,2018/11/25 07:52:24,Ex dolores maxime impedit hic qui aut qui consequatur fugit. Illum nemo est nobis. Nisi nihil necessitatibus mollitia aut rerum dolores consequatur tenetur.
88,Intelligent Garden Table,Email,Licensed Jewelery Chicken,2019,Jul,25,09,42,12,2018/04/21 17:01:43,Cum eum ullam exercitationem veritatis et hic. Maiores sit sit rem. Facere alias doloribus facilis neque accusantium nostrum iusto alias dicta. Voluptatibus earum expedita dolorum voluptas doloribus reprehenderit quaerat.
89,Fantastic Grocery Tuna,Email,Intelligent Shoes Pants,2019,Mar,05,17,44,8,2018/05/10 11:01:49,Vel quidem blanditiis voluptates non sapiente tempora. Nesciunt hic temporibus omnis nobis repellat autem. Iste ut ut. Eius veniam nesciunt non repellendus.
90,Tasty Movies Keyboard,Discord,Incredible Industrial Fish,2019,May,16,22,01,9,2018/12/17 11:47:52,Et labore porro vel labore. Et et tempora aut ullam. Dolores accusantium et explicabo illum quod. Velit beatae alias velit modi tempora. Pariatur voluptas nihil illo error.
91,Generic Industrial Pants,BattleTag,Refined Garden Chips,2019,Aug,14,17,30,2,2018/08/18 12:30:28,Perferendis sit sit magni quo ut. Harum ea dolor repellat. Itaque magni reiciendis earum quasi quas. Cum sit est. Officia veniam veritatis ut. Doloribus qui recusandae enim.
92,Licensed Tools Mouse,Mobile Number,Fantastic Grocery Chips,2019,May,26,14,26,7,2018/05/13 20:50:46,Repudiandae tempore blanditiis animi in voluptas dolorem totam. Sit reiciendis est doloribus modi. Voluptas maxime aut molestiae. Nesciunt est aspernatur beatae fugiat et veniam cum rem. Cum accusamus esse enim eos est commodi veniam. Deleniti libero vel placeat veniam autem eos.
93,Ergonomic Books Ball,BattleTag,Handcrafted Home Hat,2019,Sep,30,05,37,1,2018/04/18 15:53:07,Officia suscipit quasi qui voluptatem. Consequuntur omnis dolor ut iusto tempora pariatur ullam molestiae minus. Eos aspernatur in. Sed voluptatibus fugiat quia unde est blanditiis. Aut animi iure et eum laboriosam nobis. Voluptate quod ipsum hic beatae voluptatem et.
94,Ergonomic Baby Computer,Discord,Intelligent Shoes Car,2019,May,20,10,45,23,2018/06/03 01:28:53,Nihil explicabo voluptas est. Facere quod et ad sed. Impedit et sit quaerat sit. Molestiae perferendis doloremque quo aut ex ducimus. Eos accusamus reiciendis aut quia nam labore voluptas. Vel consequuntur et ut ut enim facilis aut et.
95,Generic Computers Pizza,Mobile Number,Tasty Music Pants,2020,Jan,05,12,19,23,2018/11/20 07:03:29,Sed fugit minima rerum voluptatum. Quo id perspiciatis. Optio est dicta dolor maiores. Alias rem voluptas est ut ut ea non et. Aut nemo laboriosam alias et quia nemo repellendus voluptate.
96,Ergonomic Automotive Soap,Discord,Sleek Computers Table,2019,Nov,03,21,06,13,2018/11/02 10:06:37,Voluptates odio nihil harum officia. Harum placeat eum cupiditate amet inventore reprehenderit odio. Illo vel consectetur voluptatem id ea quaerat blanditiis molestias dolorem. Hic laboriosam debitis quia libero nisi porro eveniet. Cumque dignissimos laudantium qui et illum cumque. Sapiente non sequi fugiat architecto perspiciatis aut.
97,Small Automotive Salad,Discord,Gorgeous Outdoors Table,2019,Nov,15,05,51,4,2018/07/06 12:04:21,Occaecati quo quisquam distinctio. Quia qui sapiente laboriosam est. Veritatis sunt quia illum.
98,Licensed Movies Fish,Discord,Rustic Jewelery Mouse,2019,Oct,04,19,31,21,2018/10/16 08:16:45,Quidem esse quia eius tempora. Facilis odit iure ad ut quod sed inventore dolorem est. Commodi animi distinctio. Ad dolor aut tenetur et occaecati a. Quis id cumque.
99,Rustic Music Shirt,BattleTag,Rustic Toys Pizza,2019,Feb,26,16,15,2,2018/12/16 08:08:13,Delectus suscipit qui ipsum officia maxime eum id saepe. Nesciunt et nam porro. Id doloremque culpa debitis nihil nobis est pariatur perferendis. Fugit quis sint qui at quia atque. Est qui est et possimus et sed. Dolor harum et dolores et.
